{"input":225,"hidden":[4],"output":2,"weights":[0.9678503765621609,0.48702432221610126,0.35735724124819934,0.9052244128738038,0.8008198075800876,0.15341771299466744,0.09620689735597088,0.37736074602759606,0.1536342349993154,0.935935814092735,0.004622076585989454,0.9328346254654007,0.0114605977147107,0.860616706532878,0.39134403811625607,0.6684995979829371,0.7292965006756593,0.22579135390077787,0.013964713051180633,0.9703226993902658,0.5318450040528867,0.04052880806389443,0.20158013015252219,0.3830643124082771,0.14634948456161023,0.7102224764942662,0.7489760779953698,0.14557318538415778,0.4774259977902135,0.03034786543809309,0.28481140224391677,0.7730004241729651,0.43808494866345654,0.2661036561213163,0.7767709349709331,0.9497190266296717,0.843163598967317,0.6797828089331253,0.8376564533760886,0.4749504336289785,0.8974101889653399,0.3696250871629855,0.860713830895209,0.7417058946549142,0.581763262466009,0.9372976750700879,0.5943462714712671,0.21251971452692445,0.08868120905927858,0.5694136362032437,0.8923825802518192,0.8111620326648409,0.5054164741773542,0.25121725369709297,0.6285560828715611,0.7821136162476934,0.3287435333712478,0.37464379580284196,0.5667921508791441,0.5020082361211515,0.8680972827737665,0.25066031449280723,0.6370209186681577,0.05881325118710945,0.5145991944838061,0.9804255355029552,0.34342031014053004,0.9283544865845641,0.5415250697491715,0.8449499665567035,0.5943091654338435,0.65811754476566,0.9769217525164554,0.9419805054982925,0.9696587263863603,0.6294313260518951,0.4592189996449767,0.6476357511239117,0.1498806382499566,0.7469684910447484,0.01741221529914624,0.7484866968496225,0.9677872376094011,0.6651637997449396,0.558053564053303,0.7825903629243598,0.35503437554602074,0.17516089027542858,0.38976066092664974,0.9758366357942218,0.005916191254822234,0.27067991956004556,0.050892625847273054,0.16022841692134926,0.12626450549536264,0.6973567430455149,0.5553002730652861,0.3313216875120364,0.9588958961376141,0.819430699303814,0.05171807173408733,0.8253595513240939,0.8558438525636786,0.666081602804912,0.015143579853456617,0.9318517744889787,0.5118306174545477,0.4885957318441041,0.9383077687367061,0.3699073584613557,0.707713428988292,0.055610428712296316,0.007374674395994603,0.758630737209117,0.22219798935213653,0.7844600381774239,0.47042047445808105,0.16924402638855027,0.6416943127470258,0.7724965086766038,0.49446953816635575,0.8380386149278096,0.07300445189323779,0.3013484429890719,0.020102832115066437,0.8836546221033551,0.21164445099243004,0.6703383618864908,0.27168773954311676,0.46961989496078616,0.9720984078576563,0.8448880086817384,0.11302948070820824,0.33412828468477507,0.6719617567861556,0.7905938848909924,0.18782667371232264,0.30362870001878167,0.613766944615896,0.6778091259125879,0.2228316183557198,0.8946279930037738,0.7949106025766967,0.3158699791804321,0.3928961488679752,0.9521532142076305,0.8357341959518688,0.7929864274270831,0.9633613985763305,0.02633820749032351,0.7579933638543381,0.9845968749053216,0.9526565347091551,0.6850805338015897,0.49569315561424265,0.09240356350489111,0.03594987703062893,0.9063741734221457,0.4612612923643475,0.7331605804770552,0.0367282623830119,0.014137040447696517,0.6394112798319936,0.6162747815484704,0.8383135687023593,0.9145582473131335,0.31993351593654223,0.4715176307688381,0.18580449420538472,0.7024131535249086,0.34030347899010976,0.7668799848843229,0.656720339953314,0.4389842015715929,0.047819223203960995,0.38789762029569613,0.5950083140200417,0.8675428247896069,0.7279160004623384,0.7970993022051589,0.013800674172775862,0.1899379073300704,0.012278216108661963,0.41134622533081194,0.6512153149709389,0.10477973187050753,0.24310713303757406,0.7850481449667436,0.8098346611650392,0.1996722468625829,0.5911522007876051,0.8250653897641453,0.6302727739307743,0.6017296166569168,0.7480052133010082,0.20193482507232186,0.8435842213292137,0.1842429956619388,0.547521409899235,0.40162777792322163,0.6444329243354017,0.4976095001092106,0.9948747331114338,0.9899354561920368,0.7713294954331567,0.7868286303495655,0.6273664637506347,0.5230766040203101,0.9272956186186345,0.8040885503388706,0.5079738658643997,0.08730060441233962,0.24731481477735648,0.8960083064455455,0.3025362005796288,0.5093238552441233,0.1486902129852794,0.686561828336079,0.927916335105037,0.3579017044216637,0.5468527366944016,0.14424347344302424,0.8056318020355548,0.36424991112982563,0.6686498188327212,0.9615595341809227,0.6944193750409728,0.7777466182450823,0.03255933455310944,0.06960223550912215,0.4311470351441884,0.8661741773603195,0.06957502764591905,0.730844434079279,0.19529433323202627,0.3166932891851606,0.9472068038595989,0.21759521640044857,0.5733164954234431,0.5775912062636013,0.5304518373785312,0.8898019752754225,0.32541468334952617,0.6598674172585524,0.11601339562914181,0.5755544435817035,0.5924254128275166,0.48477011577107687,0.19790623765144222,0.15113978460636268,0.934442994736504,0.6766100865501905,0.46346203923099033,0.8520951008050691,0.2516975313921659,0.7716095893514301,0.12308139021494857,0.4402326201027119,0.19736053659703207,0.595880909925104,0.9418465540352857,0.4836734194035604,0.4592814018202969,0.26803496963002393,0.8646753936438099,0.52163113481856,0.6605715881394626,0.8711782194979607,0.518102192651245,0.4701483415721668,0.5320314711941663,0.56044167236894,0.9689738687294142,0.06998308751288296,0.36306237605238284,0.6781428803646721,0.7671595527689138,0.08823815146559362,0.8525177053750376,0.40749418639132223,0.26827905246591205,0.14061091102932946,0.5295132964030997,0.5612109647402511,0.6943016918196951,0.9890054181326882,0.5841727075726708,0.48885720678394035,0.7386126128621865,0.7692203933022229,0.8640009342752343,0.5563481261712949,0.43563046933414784,0.6621370764372706,0.65644093827461,0.14373577921203784,0.5711103643457044,0.7073859408954887,0.04304823929780978,0.5938660083717842,0.8755918085301837,0.7860128512134983,0.952592236346238,0.13181505749730738,0.8013243762256049,0.3449804821718374,0.8432593841672317,0.7299144574559071,0.3277850557489935,0.06743737367227193,0.6081081398558098,0.5469131679766527,0.19304192000865247,0.12554930053458957,0.9750894216835791,0.5413980989529323,0.7186703407144914,0.0888520683452867,0.49897442710309825,0.4230410299446563,0.8264757735819049,0.6218562899283809,0.003302397029166558,0.46978933439509246,0.7708525283331225,0.9535456055351808,0.9406841836989724,0.25012217126129954,0.7812215844622786,0.3987280321700816,0.7070049150664945,0.9343657783012971,0.44932069293712007,0.00021202686478050126,0.7291215405216993,0.1768085885978826,0.08688140820875132,0.7063219055510798,0.4771956188840381,0.07767684306125655,0.1516797469130618,0.607361348671974,0.5193011100415739,0.3249280406634761,0.3590206023192843,0.0032146023397747747,0.08363643962881961,0.3861055930251831,0.31062097156189106,0.8683438655107176,0.3753606751564658,0.8496146219617842,0.8397104058269398,0.159260358151374,0.283333976975802,0.45529014565720555,0.7200376219816608,0.9413610896627068,0.447613594443032,0.6613944603487563,0.08051273786951074,0.37602625673682555,0.45026652539916445,0.7589079338028661,0.9815484175581964,0.8685036881145326,0.2661840087056576,0.9473454881746626,0.6614764488681099,0.22011762771722224,0.39748371948007033,0.6666827059666629,0.6046402286918423,0.8024974323907365,0.02361155595024083,0.7661711049014384,0.7832509328943724,0.5882452666510056,0.07557724413442064,0.8918454356595323,0.6117449880386678,0.6168528147529667,0.6550696821760938,0.19395691050136935,0.76041027527508,0.010709836909712712,0.9209408928003796,0.904016749318946,0.10054097513656707,0.8337758966128548,0.946758656359233,0.23074167462450554,0.556139859474635,0.10324121372633269,0.45680693028993347,0.31979422496565213,0.7601111559524256,0.5759241990234015,0.39230502795784594,0.536628875721686,0.345015405996034,0.5651871738471455,0.8821898165429596,0.33058907360522527,0.1728548995427078,0.9424478455709566,0.5954772406904288,0.4465525177035412,0.7680420819353154,0.028164815550111293,0.4086509993658162,0.04906831986011257,